0,1,x * 1000,y * 1000
0.046812808,-0.274213938,46.81280807,-274.2139376
0.033787699,-0.016951412,33.78769911,-16.95141172
0.108411507,0.07282263,108.411507,72.82262953
-0.021636675,0.043521625,-21.63667459,43.521625
0.089307584,-0.009482658,89.3075843,-9.482657919
-0.068853152,0.029389323,-68.85315167,29.38932308
-0.072691612,0.095320647,-72.69161249,95.32064666
0.034409077,-0.047417966,34.40907671,-47.41796635
0.036597881,0.015248766,36.59788139,15.24876614
-0.154345712,0.036131589,-154.3457119,36.131589
-0.058215965,-0.028616021,-58.21596547,-28.61602053
0.021223132,0.100608364,21.22313169,100.6083636
-0.07768361,-0.035617805,-77.68361018,-35.61780541
-0.122319213,0.161899685,-122.319213,161.8996853
-0.001511701,-0.029608186,-1.511701038,-29.608186
0.12093115,0.193824003,120.93115,193.8240029
-0.010305646,-0.093458657,-10.30564566,-93.45865679
-0.161896693,0.149879661,-161.8966933,149.8796613
0.039321504,-0.011037473,39.32150362,-11.03747311
0.061888608,0.028970027,61.88860811,28.97002704
-0.087620134,-0.013783605,-87.62013401,-13.78360489
-0.115787027,-0.003381862,-115.7870269,-3.381861729
0.075830395,-0.121562286,75.83039456,-121.5622861
-0.081473954,-0.016896837,-81.47395426,-16.89683703
0.180971249,0.139435854,180.9712494,139.4358535
-0.074838654,-0.055503963,-74.83865364,-55.5039631
0.150267314,-0.315441176,150.2673141,-315.4411762
-0.040868117,0.129719833,-40.86811659,129.7198329
-0.200160362,-0.028881902,-200.1603618,-28.88190175
0.089711078,-0.054316785,89.71107768,-54.31678457
-0.006489322,-0.057186998,-6.489322358,-57.18699774
-0.09523831,-0.044485181,-95.2383098,-44.4851806
0.061463778,0.139340028,61.4637784,139.3400276
-0.016540509,-0.100834502,-16.5405092,-100.8345017
-0.032078478,0.033789283,-32.07847793,33.78928307
0.13936805,0.034832819,139.3680496,34.8328192
0.089315826,0.062154956,89.31582561,62.15495649
0.002381756,-0.158620545,2.381756021,-158.6205454
-0.140069344,-0.093979356,-140.0693442,-93.97935605
-0.163456624,-0.029203513,-163.4566241,-29.2035132
-0.179173391,-0.001375637,-179.173391,-1.375637162
-0.273087521,-0.024576562,-273.0875212,-24.57656248
0.171686693,0.204651277,171.6866929,204.6512774
0.043492875,-0.023568605,43.49287494,-23.56860494
0.056080763,-0.067697655,56.0807633,-67.6976546
-0.086625986,0.079037801,-86.6259859,79.03780146
-0.086171336,-0.038946762,-86.17133636,-38.94676191
-0.088075742,0.016901267,-88.07574243,16.90126651
-0.104456822,0.030356416,-104.4568217,30.35641631
-0.093080339,0.047452672,-93.08033853,47.45267152
0.089810916,0.007001949,89.81091578,7.001949133
0.26165924,-0.036094357,261.6592396,-36.09435694
-0.020039441,0.017161676,-20.03944146,17.16167572
0.044391116,-0.137108075,44.39111559,-137.1080749
-0.079758403,-0.019698843,-79.75840298,-19.69884273
0.046043646,0.049066928,46.04364603,49.06692806
0.026484399,-0.059718753,26.48439903,-59.71875329
-0.021367343,0.136589442,-21.36734274,136.5894422
-0.109336663,0.016431826,-109.3366633,16.43182599
0.012931901,-0.030800423,12.93190104,-30.80042266
0.011048358,0.117153853,11.04835785,117.153853
-0.052871403,0.004820956,-52.87140262,4.820956029
-0.006641271,-0.036639438,-6.641271074,-36.63943791
0.017968569,-0.104676577,17.96856856,-104.6765767
0.156059472,-0.030462059,156.0594724,-30.46205921
-0.093352595,-0.107848384,-93.35259511,-107.8483838
0.000810976,-0.028526753,0.810975697,-28.52675279
0.013292465,0.081883175,13.29246486,81.88317504
0.081732829,0.106329767,81.73282865,106.3297666
-0.018423218,0.098418514,-18.42321805,98.41851406
0.15458853,-0.031886396,154.5885298,-31.88639583
-0.086033246,-0.023537037,-86.03324647,-23.53703703
-0.056209579,0.010659346,-56.20957894,10.65934567
0.073576122,-0.190697622,73.57612169,-190.6976224
-0.106005594,0.040193617,-106.0055941,40.19361671
-0.009143386,-0.074858462,-9.143385773,-74.8584622
-0.094670889,0.017978207,-94.67088883,17.97820698
-0.114712787,-0.038520091,-114.712787,-38.5200907
-0.100764015,0.017141451,-100.7640148,17.14145126
-0.070878502,2.08E-05,-70.87850215,0.020845653
0.183509708,-0.126524171,183.509708,-126.5241708
-0.010067124,0.08019117,-10.0671238,80.19117039
0.080360682,0.120703105,80.36068187,120.7031054
-0.127967177,-0.031387241,-127.9671774,-31.38724051
0.020214288,0.005985048,20.21428751,5.985048065
0.122186255,-0.02110556,122.1862551,-21.10555988
-0.185104788,-0.053238705,-185.1047884,-53.23870539
0.046119126,0.034288086,46.11912593,34.28808571
-0.125426494,0.093617792,-125.4264943,93.61779183
-0.189092496,-0.007899489,-189.0924963,-7.899488766
-0.105412521,0.141910742,-105.4125207,141.9107424
-0.062607214,0.028108208,-62.60721406,28.10820781
0.011816878,0.058034001,11.81687826,58.03400093
-0.025234343,-0.020626669,-25.234343,-20.626669
0.018479761,0.036962281,18.47976082,36.9622811
0.154098376,-0.166352613,154.0983761,-166.3526134
0.047320301,0.040460277,47.32030078,40.460277
0.19324175,0.089349595,193.2417503,89.34959522
0.03275199,-0.026880873,32.75199035,-26.8808731
0.176833062,0.014432386,176.8330623,14.43238637
-0.134818829,-0.060745485,-134.8188292,-60.74548541
0.058458084,-0.064574844,58.4580837,-64.57484423
-0.141360003,-0.065854845,-141.3600031,-65.85484508
-0.186228424,-0.078699064,-186.2284244,-78.69906356
0.00507811,0.009746545,5.07811042,9.746544602
0.122210443,0.134547958,122.2104434,134.5479583
-0.111295381,-0.024760119,-111.2953805,-24.76011898
-0.046688263,0.136087112,-46.68826316,136.0871122
-0.067041015,-0.023011452,-67.04101513,-23.01145248
-0.075254856,0.004366744,-75.25485609,4.36674411
0.051783503,0.074857257,51.78350295,74.85725743
0.027649799,0.101058312,27.64979887,101.0583117
0.242492486,-0.069495265,242.4924863,-69.49526511
-0.016053606,-0.203262233,-16.05360649,-203.2622332
0.088376991,0.150745538,88.37699126,150.7455376
-0.020027249,-0.097111511,-20.02724923,-97.11151067
0.302398672,-0.241804953,302.3986721,-241.8049526
-0.110811964,-0.101819898,-110.8119641,-101.8198981
0.022660975,-0.001573257,22.6609753,-1.573256687
-0.052279461,-0.065014503,-52.27946101,-65.01450332
0.050148033,0.005438779,50.14803347,5.438779498
-0.092799757,0.045879994,-92.79975747,45.8799944
0.06588896,0.02146516,65.88895954,21.46515962
-0.101325142,-0.021543788,-101.3251416,-21.54378828
-0.007242087,0.041398494,-7.242086635,41.39849422
-0.107240417,0.011251204,-107.2404174,11.25120412
0.041723722,0.048368458,41.72372196,48.36845821
0.048830819,-0.042709151,48.83081902,-42.70915069
0.022460743,-0.033267859,22.46074342,-33.26785945
-0.02523984,0.050545425,-25.23983954,50.54542486
0.228717419,-0.094909292,228.7174186,-94.90929196
0.140064842,0.01603137,140.0648424,16.0313699
0.134898355,-0.098652613,134.8983552,-98.65261304
-0.060842587,0.035189428,-60.84258696,35.18942778
0.332239071,0.003596095,332.2390707,3.596094806
0.010176285,0.103378419,10.17628473,103.3784186
-0.082502984,0.039527001,-82.5029844,39.52700126
-0.079781659,-0.096037003,-79.78165936,-96.03700338
0.042136002,0.082484998,42.13600167,82.48499815
0.106676168,0.09147136,106.6761676,91.47135964
-0.200901769,-0.098698888,-200.9017695,-98.69888783
0.165718582,-0.065657743,165.7185816,-65.6577432
0.135588341,-0.041114805,135.5883412,-41.11480518
-0.104383332,-0.017902777,-104.3833316,-17.90277748
-0.067405466,0.068008545,-67.405466,68.0085453
-0.191885152,-0.030491196,-191.8851522,-30.49119626
0.144608684,0.087068174,144.6086836,87.0681743
-0.049757951,-0.063257319,-49.75795107,-63.25731942
0.008071221,0.01491122,8.071220766,14.9112199
-0.049565169,0.011332245,-49.56516879,11.33224494
-0.07667012,-0.036587578,-76.6701205,-36.58757787
-0.051603535,-0.06944905,-51.60353477,-69.4490499
-0.112710169,-0.00693236,-112.7101692,-6.932359701
0.066773747,0.36073887,66.7737473,360.7388701
-0.066380729,-0.111959498,-66.38072906,-111.9594985
0.22302867,0.03122262,223.02867,31.22262043
-0.175976671,-0.031687995,-175.9766707,-31.68799478
-0.172548484,0.192819306,-172.5484836,192.8193064
-0.051586188,-0.039950173,-51.58618812,-39.95017323
0.174818591,-0.013831815,174.8185914,-13.83181471
-0.143452042,0.036665377,-143.4520417,36.66537722
-0.048598137,0.067319946,-48.59813719,67.31994556
-0.124817856,0.00326468,-124.8178563,3.264679895
0.030472478,0.074518207,30.47247765,74.51820744
0.046391459,0.003601642,46.39145901,3.601642094
-0.009027919,0.123287993,-9.027919254,123.2879931
-0.006060035,0.059355454,-6.060035409,59.35545373
0.079741479,0.016141105,79.74147894,16.14110531
-0.018039691,0.07057711,-18.03969106,70.57710979
-0.018099837,-0.025451345,-18.09983739,-25.45134475
0.118720245,-0.059088406,118.7202451,-59.08840618
0.100308054,-0.132637296,100.3080536,-132.6372965
0.103169561,0.019197174,103.1695614,19.19717424
-0.011004067,0.009168942,-11.00406673,9.168941957
-5.99E-05,0.017444375,-0.059858389,17.44437476
-0.05505211,0.008851715,-55.05211041,8.851714594
-0.204575092,-0.019481832,-204.5750924,-19.4818322
0.031734419,0.022319456,31.73441906,22.31945572
-0.003246388,0.160753565,-3.24638845,160.7535647
0.108064947,0.102857879,108.0649474,102.8578785
-0.129030687,-0.03478303,-129.0306872,-34.78302992
0.099005015,-0.042332976,99.00501489,-42.33297553
-0.014690313,-0.136256085,-14.69031328,-136.2560854
0.138349745,0.049334957,138.3497445,49.33495692
-0.020915688,0.092615678,-20.91568801,92.6156781
-0.213896692,-0.079723961,-213.8966922,-79.72396133
0.05422237,-0.013413249,54.22237009,-13.41324899
-0.056011706,0.037696101,-56.01170586,37.69610085
-0.003677143,-0.001416086,-3.677143213,-1.41608638
0.174155674,-0.149088789,174.1556738,-149.0887885
-0.180629535,-0.02483974,-180.6295348,-24.83973986
-0.044066099,0.049911344,-44.06609851,49.9113441
0.125476372,0.072626506,125.4763718,72.62650608
-0.146860761,-0.044271108,-146.8607612,-44.27110841
-0.012731019,0.010804592,-12.73101906,10.80459203
0.103893803,0.033928836,103.893803,33.92883566
-0.244652682,0.034978832,-244.6526821,34.97883194
0.204865103,-0.055609479,204.8651032,-55.60947947
-0.128187845,-0.07031825,-128.187845,-70.31825006
-0.094388283,-0.004729182,-94.38828259,-4.729181945
-0.051881781,-0.048351557,-51.88178128,-48.35155679
-0.109442628,0.081548775,-109.4426282,81.54877491
0.02177429,-0.183052496,21.77429041,-183.0524959
0.081967631,0.019410138,81.96763124,19.4101384
-0.133854166,0.012537376,-133.8541662,12.53737649
-0.197793342,0.055702148,-197.7933425,55.70214815
-0.028477174,0.031166243,-28.4771745,31.16624261
0.093272023,-0.065883042,93.27202325,-65.88304236
-0.02324234,0.041028582,-23.24234032,41.02858153
-0.014325368,0.072283565,-14.32536779,72.28356466
0.048724025,-0.148163315,48.72402493,-148.1633149
0.029075024,0.026634087,29.07502353,26.63408731
-0.096675316,0.064733684,-96.67531581,64.7336845
-0.109113155,-0.078615269,-109.1131546,-78.61526892
0.11747521,-0.072667859,117.4752096,-72.66785875
0.006023473,-0.043309716,6.023473472,-43.30971636
0.031704169,0.067646427,31.70416894,67.64642736
-0.112795314,0.071144259,-112.7953135,71.14425868
0.224974879,0.066541189,224.974879,66.54118878
0.053194773,-0.042600781,53.19477329,-42.60078068
-0.176006163,0.110926764,-176.0061628,110.9267641
0.055426726,-0.020634682,55.42672594,-20.63468199
-0.0024355,-0.175699037,-2.435500116,-175.6990371
0.081329807,-0.022761176,81.3298066,-22.76117553
0.006530487,0.087050833,6.530486804,87.05083322
0.022373573,-0.021000717,22.3735733,-21.00071666
0.035642493,0.11868922,35.64249329,118.6892198
-0.263571224,0.079617518,-263.5712242,79.61751812
0.097253418,-0.026569336,97.2534181,-26.56933615
0.233318713,-0.018908133,233.3187128,-18.90813288
0.113257769,-0.215048609,113.2577693,-215.0486086
0.051196308,-0.003973297,51.19630797,-3.973296818
0.004865723,0.016836633,4.865722819,16.83663265
-0.005280964,0.158286384,-5.280963887,158.2863842
0.084344902,0.021184221,84.34490179,21.18422117
0.050500473,-0.093810595,50.5004729,-93.81059462
-0.077313852,0.00605862,-77.31385215,6.058620042
0.224296995,0.008369173,224.2969953,8.369173466
0.113961095,0.216962241,113.9610948,216.9622407
0.107584228,-0.016398164,107.5842281,-16.39816363
0.013173718,0.078716826,13.17371803,78.71682614
0.082393794,-0.094345542,82.39379409,-94.34554159
-0.095598377,0.00641473,-95.59837699,6.414729746
-0.191190667,-0.048604219,-191.1906675,-48.60421917
0.105872206,-0.153333901,105.8722056,-153.3339012
-0.215690101,0.065930997,-215.6901011,65.9309968
-0.058973571,0.107610729,-58.97357096,107.6107292
-0.084275273,-0.060501305,-84.2752729,-60.50130465
0.203134558,0.111870162,203.1345583,111.8701616
-0.048648683,0.007112706,-48.64868337,7.112705537
-0.164455122,0.058631712,-164.4551215,58.63171151
-0.143614688,0.122321292,-143.614688,122.3212923
-0.020641594,-0.019707385,-20.64159393,-19.7073849
0.031198643,-0.043962777,31.19864325,-43.96277671
0.148595839,-0.027893845,148.5958388,-27.89384471
0.026124445,-0.156105998,26.12444511,-156.1059983
-0.115608788,-0.025319025,-115.6087878,-25.31902508
0.28300388,-0.123996184,283.0038797,-123.9961836
0.08334147,0.083636261,83.34147045,83.63626136
0.008702665,-0.004402961,8.70266451,-4.402960798
-0.195378379,0.101966554,-195.3783792,101.9665539
0.017178708,-0.020752716,17.17870796,-20.75271617
0.012586085,-0.037845026,12.5860853,-37.8450263
0.313718761,0.176355302,313.7187613,176.3553023
0.162018851,-0.078654082,162.0188513,-78.65408236
0.123553372,-0.072440032,123.553372,-72.44003202
0.030212586,-0.107619832,30.21258632,-107.6198325
-0.014576341,0.02738344,-14.57634126,27.38343953
0.160501731,-0.117766906,160.5017311,-117.7669065
-0.128215968,-0.010523816,-128.2159682,-10.5238163
-0.165112587,0.002865564,-165.1125874,2.865564399
-0.269833366,0.013813996,-269.8333655,13.81399617
-0.083772305,0.058168156,-83.77230528,58.16815634
0.128060661,0.061598991,128.0606615,61.5989914
0.011737591,0.006819489,11.73759065,6.819489401
-0.138439084,0.148517271,-138.4390838,148.5172709
-0.073039667,-0.032299875,-73.03966738,-32.29987521
0.010333929,-0.176778474,10.33392901,-176.7784736
-0.093247773,-0.038630786,-93.24777342,-38.63078611
0.053448741,0.124111468,53.44874134,124.1114684
0.093620612,-0.122961692,93.62061198,-122.9616924
0.009718991,0.030051013,9.718990854,30.05101266
0.060626505,-0.045927721,60.62650451,-45.92772122
0.006012061,-0.070795841,6.012061238,-70.7958411
-0.072846817,0.086025356,-72.84681719,86.02535623
-0.054803436,0.001709065,-54.80343556,1.709065348
-0.158413822,0.03087771,-158.4138224,30.87770972
-0.019851714,0.121342365,-19.8517141,121.3423653
0.014197941,0.065522946,14.19794078,65.52294625
-0.140387956,-0.118909975,-140.3879556,-118.9099752
-0.040961925,-0.065735065,-40.96192515,-65.73506541
-0.004112217,0.028143315,-4.112216822,28.1433153
-0.069264343,0.118014323,-69.26434314,118.0143232
0.013998387,0.088375191,13.9983875,88.37519082
-0.021240795,-0.001360612,-21.24079458,-1.360612295
0.273710959,0.455968652,273.7109585,455.9686518
0.087223629,0.102559415,87.22362893,102.5594146
-0.129820753,0.025978386,-129.8207534,25.97838585
0.073988437,-0.114022663,73.98843735,-114.0226631
-0.097765093,-0.010565165,-97.76509271,-10.56516464
0.008663345,-0.052607518,8.663344689,-52.6075178
-0.041536781,0.201440769,-41.53678083,201.4407691
0.053565343,0.020247372,53.565343,20.24737184
0.000790008,-0.045873776,0.790008363,-45.87377641
-0.224576084,0.019591581,-224.5760841,19.59158103
0.130370963,0.050563946,130.3709625,50.56394613
0.179290832,-0.073151262,179.2908323,-73.15126195
-0.026854402,-0.037492675,-26.85440238,-37.49267506
0.063009506,0.064390559,63.00950637,64.39055948
-0.072441647,-0.188750396,-72.44164661,-188.7503957
0.061314148,-0.016589667,61.31414792,-16.58966691
0.044128966,-0.028075945,44.12896626,-28.07594469
-0.043203974,0.022745709,-43.20397397,22.74570864
-0.114705677,-0.048603874,-114.7056772,-48.60387432
0.149670532,-0.026466439,149.6705322,-26.46643863
-0.152578651,0.021863897,-152.5786507,21.86389707
-0.122661431,0.007633011,-122.6614315,7.633011214
-0.059908374,0.037489514,-59.90837407,37.48951359
0.3922597,0.677332693,392.2597002,677.3326929
-0.057703108,-0.020068216,-57.70310773,-20.06821643
0.129107965,-0.092545845,129.1079646,-92.54584473
0.077271052,-0.206179759,77.27105242,-206.1797594
0.166940352,-0.112529089,166.9403522,-112.5290894
-0.047108098,0.031877849,-47.1080985,31.87784897
0.103388593,0.011127831,103.3885928,11.12783105
-0.223390199,0.004912417,-223.3901988,4.912417247
-0.01916191,-0.072939816,-19.16190956,-72.93981638
-0.021166976,0.070598712,-21.16697606,70.5987118
-0.188658928,0.057319192,-188.6589276,57.31919163
0.082159654,-0.051050657,82.15965413,-51.0506575
-0.060078997,0.043456735,-60.07899668,43.45673452
-0.14962834,-0.055146708,-149.6283401,-55.14670799
0.106734266,-0.033119266,106.7342664,-33.1192664
-0.060921978,0.038880469,-60.92197775,38.88046894
0.205928646,-0.026934717,205.9286459,-26.93471661
0.047476464,-0.136825126,47.47646403,-136.8251258
-0.316894709,-0.007797989,-316.8947093,-7.797988841
0.05022778,-0.153627551,50.22778025,-153.6275506
-0.106066657,-0.070246533,-106.0666571,-70.24653263
-0.056183546,-0.122043613,-56.18354586,-122.0436125
-0.135333219,-0.139735131,-135.3332185,-139.7351314
0.13080434,-0.154088287,130.8043402,-154.0882869
-0.038241221,0.061761015,-38.24122054,61.76101499
-0.001265223,-0.041262498,-1.265222678,-41.26249764
0.050863738,0.020157454,50.86373793,20.1574545
-0.128602592,0.074123151,-128.6025918,74.12315058
-0.273327259,0.095847941,-273.3272588,95.84794113
0.361772166,-0.297200835,361.7721657,-297.2008348
-0.105029071,-0.005892206,-105.0290713,-5.892206081
0.00897519,0.072877871,8.975189586,72.87787087
-0.017195741,-0.054511977,-17.19574119,-54.51197716
-0.094685387,0.008524105,-94.68538652,8.524105297
-0.120136077,0.014270229,-120.136077,14.27022921
-0.051278525,0.065382221,-51.27852463,65.38222076
-0.084627706,-0.012634584,-84.62770582,-12.63458356
-0.007137903,-0.272681709,-7.13790318,-272.6817091
-0.074420774,0.140195333,-74.42077429,140.1953327
0.14171853,0.113273931,141.7185305,113.273931
0.139018504,-0.2499106,139.0185039,-249.9106004
0.018774582,-0.234362449,18.77458172,-234.3624488
-0.022339811,0.119499438,-22.3398113,119.4994385
0.036541928,-0.012237707,36.54192846,-12.23770748
-0.064391634,0.05499058,-64.3916338,54.99057971
-0.00126677,0.120133306,-1.266770257,120.1333057
-0.020368627,-0.050328224,-20.36862703,-50.32822425
-0.093142725,0.091542345,-93.14272489,91.54234487
-0.090040407,0.032565537,-90.04040658,32.56553746
-0.005973064,0.11519799,-5.97306414,115.1979903
-0.010616679,0.027236631,-10.61667857,27.23663113
-0.100152933,-0.023750864,-100.1529331,-23.75086392
0.038094696,-0.101026816,38.09469648,-101.026816
0.207594002,0.17848152,207.5940021,178.4815203
0.200329854,0.039645479,200.3298539,39.64547909
-0.096677082,0.031739468,-96.677082,31.7394677
-0.126423325,9.98E-05,-126.4233252,0.099833228
0.135359715,-0.128428835,135.3597155,-128.4288352
0.23388855,0.391303752,233.8885503,391.3037524
0.160767593,-0.032576358,160.7675931,-32.5763582
-0.010538723,-0.053702248,-10.53872285,-53.70224781
0.00327386,0.009656916,3.273859529,9.656916312
-0.003088542,0.033715485,-3.088541712,33.71548477
0.042237672,0.098026893,42.23767239,98.02689264
-0.165981793,-0.072673929,-165.9817934,-72.67392946
-0.10606796,-0.0418362,-106.0679596,-41.83619954
0.102953533,-0.048854899,102.9535335,-48.85489923
0.011684147,-0.016982628,11.68414744,-16.98262782
0.221421109,-0.011093963,221.4211093,-11.09396315
0.078843701,-0.065445854,78.84370114,-65.44585417
-0.037870967,0.018218747,-37.87096724,18.21874689
-0.127376445,0.015408811,-127.3764453,15.40881097
0.207103148,-0.181528722,207.1031477,-181.5287221
0.178344886,-0.056384652,178.3448856,-56.38465165
0.119491068,0.001827214,119.491068,1.827213906
-0.028157405,0.064826636,-28.15740519,64.82663605
-0.023727599,-0.234211851,-23.72759894,-234.2118509
-0.015506669,0.081851659,-15.50666943,81.8516594
0.004484291,0.155170632,4.484291317,155.1706321
-0.074749688,0.197025292,-74.74968822,197.025292
0.148946571,0.232606308,148.9465712,232.6063082
0.090396916,0.033186995,90.39691614,33.18699494
-0.203524803,0.056948214,-203.5248031,56.94821394
-0.068246198,0.082225556,-68.24619797,82.22555602
-0.130005798,-0.120317668,-130.0057975,-120.3176677
0.086800637,0.13937221,86.80063697,139.3722096
0.013771907,-0.017531699,13.77190721,-17.53169932
0.036023518,0.022202296,36.02351844,22.20229563
0.123884114,-0.11653041,123.8841138,-116.5304097
0.044990946,0.03704137,44.99094554,37.04137047
0.01999033,-0.125618779,19.99032962,-125.6187794
-0.020834856,0.139879809,-20.83485619,139.8798086
0.19715207,-0.216876753,197.1520698,-216.8767534
0.028499731,0.024425396,28.49973061,24.42539597
0.063505585,0.040831994,63.50558491,40.83199446
0.087707471,0.034770736,87.70747053,34.77073614
-0.172265845,-0.043694473,-172.2658454,-43.69447258
-0.017948932,-0.081484287,-17.94893243,-81.48428735
-0.044227204,0.000781638,-44.2272036,0.781638073
-0.11534322,0.004707936,-115.3432195,4.70793597
0.093810563,0.033644252,93.81056296,33.64425152
0.044428385,0.065562648,44.42838544,65.5626478
0.065893182,-0.119250469,65.89318179,-119.2504686
0.009276326,-0.059598754,9.27632593,-59.59875365
-0.010954469,0.016227292,-10.95446866,16.22729186
0.089907177,-0.043114213,89.90717688,-43.11421264
-0.027277631,0.085398672,-27.27763146,85.3986721
-0.03617778,-0.018898585,-36.17778006,-18.8985855
0.149813484,-0.068940693,149.8134841,-68.94069321
-0.135656807,0.064725358,-135.6568066,64.72535763
-0.0485436,-0.139825856,-48.5436,-139.8258561
-0.013368205,0.023327298,-13.36820506,23.32729774
0.112094965,-0.054903047,112.0949652,-54.90304742
-0.074751775,-0.129110322,-74.75177497,-129.1103218
-0.037278558,0.003144071,-37.27855801,3.144070911
0.138239671,-0.072445989,138.2396712,-72.44598927
-0.147569525,-0.009701792,-147.5695252,-9.701792309
0.126226411,-0.183830819,126.2264105,-183.8308188
-0.111859244,0.034844586,-111.859244,34.84458627
0.029895723,-0.139065655,29.89572257,-139.0656547
0.045538308,0.119639391,45.53830757,119.6393912
0.008614367,0.036122338,8.614367029,36.12233821
0.031873248,-0.003585279,31.87324757,-3.585278529
-0.026137707,0.010921923,-26.13770712,10.92192327
-0.141026601,0.053084694,-141.0266013,53.08469379
0.102847193,-0.034724127,102.8471926,-34.72412671
-0.015217971,0.013515871,-15.21797089,13.51587122
-0.164663546,-0.06071438,-164.6635464,-60.71437975
-0.025058349,0.04981739,-25.05834911,49.81738958
-0.178378856,0.057382805,-178.3788562,57.38280476
-0.109625528,-0.105344456,-109.6255284,-105.3444564
0.057600577,-0.103755882,57.60057712,-103.7558817
0.153788863,0.099619614,153.7888627,99.61961413
0.139272918,-0.07949679,139.2729176,-79.49679006
-0.177726341,0.035276352,-177.7263414,35.27635209
-0.186980056,-0.115510421,-186.9800562,-115.5104206
-0.011381649,-0.017702493,-11.38164898,-17.7024929
-0.290538733,0.03802174,-290.5387325,38.02173958
0.007699362,0.041954489,7.699361574,41.95448926
-0.121355773,-0.010165921,-121.3557727,-10.16592101
-0.028221561,0.117826668,-28.22156112,117.8266682
0.114992762,0.053875117,114.9927621,53.87511722
0.003617697,0.014995399,3.617696703,14.99539905
0.252548201,0.276546578,252.5482012,276.546578
-0.003131488,-0.029418679,-3.131487534,-29.4186789
-0.212301409,0.225538562,-212.3014087,225.5385622
0.001328465,0.187035707,1.32846497,187.0357067
0.060712403,0.064236112,60.71240285,64.23611237
0.24512935,-0.101002005,245.12935,-101.0020053
0.051744153,-0.019336012,51.7441532,-19.33601174
0.013251342,0.104557369,13.25134193,104.5573691
-0.063782919,-0.049571705,-63.78291921,-49.57170514
-0.121115238,-0.018815472,-121.1152382,-18.81547166
0.065891187,0.015338324,65.89118714,15.33832352
-0.082100443,0.01912506,-82.10044307,19.1250603
-0.115499872,-0.052693019,-115.4998718,-52.69301874
-0.166576169,0.01976181,-166.5761693,19.76180987
-0.03104219,-0.172897626,-31.04218953,-172.8976259
-0.388846465,0.086181419,-388.846465,86.18141941
-0.066423866,0.009895168,-66.42386592,9.895167785
-0.010058075,-0.052913272,-10.05807452,-52.91327162
-0.032696672,0.005405994,-32.69667248,5.405994032
0.049487621,-0.023949747,49.48762149,-23.94974698
-0.165251093,-0.041423812,-165.2510934,-41.42381163
-0.146204357,-0.019820208,-146.2043573,-19.82020806
0.101738836,-0.104622523,101.7388356,-104.6225226
-0.101453534,0.0404096,-101.4535341,40.40959955
-0.045454581,0.070759199,-45.45458058,70.75919883
0.045249235,-0.03750317,45.24923482,-37.50317002
-0.019427906,-0.07636033,-19.4279064,-76.36032956
0.067405317,0.014114031,67.40531665,14.11403099
-0.042281656,-0.076468811,-42.28165572,-76.4688109
0.16029908,-0.015567328,160.2990799,-15.5673276
0.127998508,-0.168939339,127.9985082,-168.9393388
0.240190715,0.119302775,240.1907151,119.3027748
-0.064485035,0.044212996,-64.48503463,44.21299597
-0.027173078,0.000747521,-27.17307816,0.747520633
-0.109484325,-0.024862098,-109.4843246,-24.86209752
0.170044744,-0.014774903,170.0447438,-14.77490255
-0.098103466,0.060576564,-98.10346573,60.57656437
0.100426419,-0.077860612,100.426419,-77.86061164
0.100746564,0.128846702,100.7465643,128.8467018
0.005400585,-0.041314205,5.400585113,-41.31420479
-0.007629291,0.022937688,-7.629291027,22.9376878
-0.186456102,-0.028291585,-186.4561017,-28.29158511
0.156270391,0.016357627,156.2703907,16.3576268
0.140450518,-0.06135768,140.4505183,-61.35767972
0.046211246,0.013019192,46.21124615,13.01919159
-0.134891485,0.071783964,-134.891485,71.7839639
0.069788299,0.019250748,69.7882992,19.2507475
0.087769419,-0.048695411,87.76941898,-48.69541071
0.139148707,-0.015238838,139.1487067,-15.23883808
0.136686242,-0.09090576,136.6862421,-90.90575974
0.052708775,0.085770724,52.70877535,85.77072412
-0.041624647,-0.038537151,-41.62464708,-38.53715147
0.055433956,-0.036330562,55.43395567,-36.33056248
0.05103629,-0.131530656,51.03629011,-131.5306559
-0.015290203,-0.00343249,-15.29020323,-3.432489557
-0.06734014,0.075905449,-67.34014033,75.90544863
0.03869895,0.111375906,38.69894995,111.3759059
0.013804791,0.050786459,13.80479053,50.78645877
-0.087756735,-0.03624853,-87.75673508,-36.24853032
0.001760587,-0.07893284,1.760587303,-78.93284041
0.083805113,-0.046653978,83.80511285,-46.65397809
-0.092068869,-0.005825337,-92.0688693,-5.825336739
-0.027349237,-0.059243642,-27.34923724,-59.24364187
-0.158457698,0.01532012,-158.4576984,15.32011953
0.117474914,0.060087808,117.474914,60.08780827
0.000961823,0.063920617,0.961822545,63.92061724
0.098749712,0.010920744,98.74971219,10.92074408
0.112909317,-0.050886753,112.9093168,-50.88675293
-0.108820924,0.056078083,-108.8209243,56.07808307
-0.02783462,0.079855259,-27.83461985,79.85525866
-0.050447265,0.012215887,-50.44726487,12.21588658
0.00661886,-0.157941774,6.618859685,-157.9417742
-0.014522083,-0.056571409,-14.52208326,-56.57140868
-0.094358599,-0.119206576,-94.35859902,-119.2065762
0.113992425,0.113981541,113.9924248,113.9815413
0.069378976,-0.004381442,69.37897559,-4.381442464
-0.099987784,-0.12282715,-99.98778413,-122.8271499
0.147900903,0.214965429,147.9009029,214.9654293
-0.050820412,-0.008970734,-50.82041213,-8.970733713
-0.072794032,0.069057923,-72.79403165,69.05792329
-0.117902176,0.106987142,-117.9021755,106.9871422
-0.048981891,0.104811047,-48.98189104,104.8110472
-0.015846,-0.094634375,-15.84599994,-94.63437541
0.326677123,-0.165737905,326.6771228,-165.7379046
-0.059781792,0.071542179,-59.78179154,71.54217916
0.133292284,-0.068692931,133.2922835,-68.692931
0.038133145,-0.055737634,38.13314514,-55.73763352
0.175689366,-0.058798449,175.6893658,-58.79844878
-0.095714792,-0.060642707,-95.7147916,-60.64270703
-0.095946886,0.037346671,-95.94688618,37.34667081
-0.157778478,-0.052225685,-157.7784777,-52.22568494
-0.103380485,-0.02527315,-103.3804848,-25.27314971
0.009787835,-0.043474313,9.787834856,-43.4743134
0.09794301,-0.091254908,97.94300986,-91.25490796
-0.109582757,-0.069492127,-109.5827571,-69.49212654
0.088536705,0.288035469,88.53670485,288.0354695
0.141375237,-0.090646984,141.3752373,-90.64698361
0.005594815,-0.043228569,5.594814819,-43.22856942
-0.085366981,0.00271888,-85.36698078,2.718879887
-0.071005522,0.092900272,-71.00552201,92.90027159
-0.038220152,-0.012933384,-38.22015195,-12.93338374
-0.058848518,-0.121096671,-58.8485183,-121.0966711
0.035352723,0.002223741,35.35272301,2.223741498
0.118813704,-0.009704185,118.8137036,-9.704185167
0.217785885,0.29776154,217.7858849,297.7615397
0.140957924,-0.23726269,140.9579238,-237.2626903
-0.103274221,-0.014817577,-103.2742207,-14.81757704
0.118493277,-0.049852653,118.4932768,-49.85265289
-0.172631801,-0.018843071,-172.6318013,-18.84307096
-0.103834296,-0.069470812,-103.8342965,-69.47081209
-0.110764312,-0.070389582,-110.7643115,-70.38958191
-0.070179387,0.09183064,-70.17938681,91.83064031
-0.02981898,-0.017624565,-29.81898023,-17.62456512
0.069954706,0.022531769,69.95470634,22.5317692
-0.035801822,-0.031388123,-35.801822,-31.38812307
-0.057508265,0.103542529,-57.50826472,103.5425292
0.300476162,-0.158633522,300.4761618,-158.6335216
0.279555935,0.553692794,279.5559354,553.6927943
-0.048745155,0.028790132,-48.74515508,28.79013246
-0.004500597,0.146859517,-4.50059661,146.8595167
0.052297863,0.095655034,52.29786304,95.65503428
-0.069355877,-0.165782579,-69.35587687,-165.782579
-0.037937888,0.010900999,-37.93788846,10.90099904
0.109575163,0.072015893,109.5751626,72.01589286
0.001000764,-0.119850928,1.000763534,-119.8509279
0.140381082,-0.112334277,140.3810817,-112.3342771
-0.129398287,-0.004042594,-129.3982872,-4.042593734
-0.189598584,-0.071997327,-189.5985841,-71.99732677
0.030642377,0.078547142,30.64237689,78.5471419
-0.018598331,0.134360835,-18.59833094,134.3608353
-0.096356569,0.053315681,-96.35656862,53.31568142
-0.043876949,-0.007233302,-43.87694861,-7.233301793
0.06816665,0.063054863,68.16664976,63.05486343
0.052375917,0.087563837,52.3759169,87.56383661
-0.036261439,-0.054139028,-36.26143895,-54.13902788
0.003909853,0.011946532,3.909852759,11.94653219
0.081318688,0.046982004,81.31868824,46.98200426
0.068409552,0.163466258,68.40955218,163.4662582
-0.075552356,-0.031885858,-75.55235623,-31.8858583
-0.080718763,-0.091380558,-80.71876302,-91.3805582
0.081950849,-0.017293815,81.95084924,-17.29381497
-0.14010429,0.045230018,-140.10429,45.23001801
0.044711392,-0.038924022,44.71139224,-38.92402227
0.06123827,0.011383741,61.23827041,11.3837413
0.158366621,-0.004613032,158.3666206,-4.613031998
-0.03253994,0.046397334,-32.53994012,46.39733421
0.02693105,-0.095707757,26.93105017,-95.70775729
0.149339394,-0.092323321,149.3393939,-92.32332129
0.102273624,-0.071626306,102.2736241,-71.6263061
-0.180196999,0.063965773,-180.196999,63.9657733
-0.042008509,-0.01718618,-42.00850851,-17.18617967
0.00869677,-0.004644373,8.696769906,-4.644372523
0.119384251,-0.033327073,119.3842513,-33.32707335
-0.112499065,-0.015684581,-112.4990645,-15.68458102
-0.065424982,-0.149323032,-65.42498191,-149.3230317
0.098358288,0.098763687,98.35828825,98.76368653
-0.140449754,-0.163924136,-140.4497544,-163.9241362
-0.090142905,0.004360269,-90.14290453,4.360269476
0.060102761,0.123045935,60.10276075,123.0459347
0.085614009,0.153460598,85.61400868,153.4605982
-0.06300199,0.024094891,-63.00199047,24.09489065
-0.114193571,0.038093556,-114.1935712,38.09355576
-0.013809385,0.084529066,-13.80938518,84.5290662
-0.142653016,-0.086179424,-142.6530156,-86.17942396
-0.010530791,-0.041680619,-10.53079062,-41.68061882
-0.045702151,-0.043104124,-45.70215088,-43.10412447
-0.028079055,-0.122323028,-28.07905474,-122.3230282
0.012907005,0.025075546,12.90700467,25.07554624
0.022524463,0.146908297,22.5244635,146.9082967
-0.025515004,-0.085051275,-25.51500391,-85.0512751
-0.015146181,-0.117985873,-15.14618087,-117.9858732
-0.04036191,0.006916435,-40.36190957,6.916435035
0.071082808,0.011698029,71.0828084,11.69802932
0.010714326,-0.120607471,10.71432589,-120.6074714
0.1668896,-0.171083798,166.8896003,-171.0837979
0.094762744,-0.083737751,94.76274424,-83.73775114
-0.055125466,0.021711912,-55.12546608,21.71191241
0.069181474,-0.073807114,69.1814742,-73.80711353
0.067506851,0.038530086,67.50685103,38.53008559
0.082500155,-0.003684328,82.50015477,-3.684328441
0.115990554,0.008626474,115.9905541,8.626474067
-0.135642543,-0.197256899,-135.6425434,-197.2568992
0.130863992,0.14049152,130.8639924,140.4915204
0.148658231,0.085449659,148.6582314,85.44965873
-0.000595374,0.194561893,-0.595373587,194.5618932
0.143432306,-0.175841128,143.4323057,-175.8411284
0.094501857,-0.019097787,94.50185653,-19.09778666
-0.024402755,-0.013289415,-24.40275502,-13.28941515
-0.128014925,-0.007585059,-128.0149254,-7.585058838
-0.148841311,0.120949977,-148.841311,120.9499774
0.0783291,0.073399033,78.32910006,73.39903292
0.049914954,0.047261847,49.91495352,47.26184721
-0.049473796,0.053384721,-49.47379613,53.38472097
-0.051208589,0.079469928,-51.20858887,79.46992777
0.061841319,0.00411244,61.841319,4.11244007
-0.054439006,-0.175780867,-54.43900632,-175.7808668
0.166438166,-0.068121144,166.4381659,-68.12114431
0.083868955,-0.09225504,83.86895542,-92.25503996
-0.145214505,0.06577614,-145.2145052,65.77614038
-0.040730957,0.038697627,-40.7309569,38.69762727
0.033685765,-0.012473876,33.68576483,-12.47387584
-0.074669117,0.107400077,-74.66911719,107.4000773
-0.14352894,-0.059927181,-143.5289404,-59.92718089
0.135437308,0.064592026,135.4373082,64.59202601
-0.078996061,0.015482738,-78.99606131,15.48273817
0.158623958,-0.033238648,158.6239576,-33.23864803
0.117718366,-0.209576648,117.7183655,-209.5766479
0.005851873,-0.097724528,5.85187265,-97.72452797
-0.17086976,-0.084007143,-170.8697603,-84.0071427
0.035204263,0.056075488,35.20426293,56.07548771
